Id,Name
eef874bc-2a0e-44ea-9a0b-cc90ae54bde3,S1A_IW_SLC__1SDV_20250401T165922_20250401T165949_058566_073F7A_9286
af08154e-86dd-4b40-b3e0-b18189bd246b,S1A_IW_SLC__1SDV_20250401T165947_20250401T170015_058566_073F7A_9D05
6549d4ec-9a2a-42ec-97f6-f8d7c76c9bf9,S1A_IW_SLC__1SDV_20250406T170739_20250406T170806_058639_07427F_22BA
f15aac78-bb7a-4028-917b-d0eaba58e9b9,S1A_IW_SLC__1SDV_20250410T052634_20250410T052702_058690_074497_0558
efca4aa9-2b5b-43dd-b45a-879e5a79f8ca,S1A_IW_SLC__1SDV_20250410T052700_20250410T052727_058690_074497_8231
a54a1f3a-c43b-47e7-aaba-1ff0b60d6603,S1A_IW_SLC__1SDV_20250413T165922_20250413T165949_058741_0746A9_00DE
e41edfec-1775-4ed3-a073-4a5580f2e5c7,S1A_IW_SLC__1SDV_20250413T165947_20250413T170015_058741_0746A9_DFCB
991640b3-5f90-4838-a2e7-6584331db8cc,S1A_IW_SLC__1SDV_20250418T170739_20250418T170806_058814_0749A8_1E9C
903106c3-2492-4902-82e7-bcabe271a99c,S1A_IW_SLC__1SDV_20250422T052634_20250422T052702_058865_074BC1_2D8E
f0756119-59e6-4d87-a37b-188173a3a512,S1A_IW_SLC__1SDV_20250422T052700_20250422T052727_058865_074BC1_2FCF
5d8d9728-c1d5-4f6f-9bdc-f20678b948c9,S1A_IW_SLC__1SDV_20250425T165922_20250425T165949_058916_074DCC_6DB4
08b957ed-b3b2-4352-be1b-bbd92f9cad38,S1A_IW_SLC__1SDV_20250425T165947_20250425T170015_058916_074DCC_68E7
72046754-738e-4f67-8d9b-0be4a567c591,S1A_IW_SLC__1SDV_20250430T170740_20250430T170807_058989_0750CA_7369
988e4610-54bf-4cf7-b312-3bc4e933ee0f,S1A_IW_SLC__1SDV_20250504T052634_20250504T052702_059040_0752C4_9BD3
68b57095-c072-4600-b6e3-fc96f6164785,S1A_IW_SLC__1SDV_20250504T052700_20250504T052727_059040_0752C4_F8A5
d26bc24a-b653-435e-820d-34d7f9f66f96,S1A_IW_SLC__1SDV_20250507T165922_20250507T165949_059091_0754BF_ACE5
5d010aa3-c4df-44cf-9c6d-99e328e44bc0,S1A_IW_SLC__1SDV_20250507T165947_20250507T170015_059091_0754BF_2AB1
dc41678c-225c-49b5-ab70-aabc370977c0,S1A_IW_SLC__1SDV_20250512T170739_20250512T170806_059164_07574E_F1A8
6cd471ad-fe11-4b05-b652-016cd315ab2b,S1A_IW_SLC__1SDV_20250516T052634_20250516T052702_059215_075912_2D44
c7d79e57-279c-4545-a1a1-7b7843ee76fd,S1A_IW_SLC__1SDV_20250516T052700_20250516T052727_059215_075912_74A0
140da16c-d571-45cc-a9de-33e2433bce11,S1A_IW_SLC__1SDV_20250519T165922_20250519T165949_059266_075AC7_B84A
5d8b95f6-f70e-4ba8-aefd-fb7819ab1b91,S1A_IW_SLC__1SDV_20250519T165947_20250519T170015_059266_075AC7_4D14
117c2e72-7b70-4155-b977-957bc6ee9105,S1A_IW_SLC__1SDV_20250524T170739_20250524T170806_059339_075D5F_E4AE
ce4c3f81-52b6-4847-8adf-9a3daf833207,S1A_IW_SLC__1SDV_20250528T052659_20250528T052726_059390_075F2B_7E71
